part,role,filament_slot,colour,x_mm,y_mm,z_mm,volume_cm3,est_grams,watertight
body_rear,body,1,#3A2718,108.0,96.0,150.0,662.3,287,yes
body_front,body,1,#3A2718,108.0,97.0,140.0,866.5,376,yes
head,head,2,#F4F1EA,74.0,73.0,100.0,299.9,130,yes
beak,beak,3,#F0B323,22.0,36.0,48.0,9.4,4,yes
eye_R,eye,4,#161616,8.0,8.0,2.6,0.1,0,yes
eye_L,eye,4,#161616,8.0,8.0,2.6,0.1,0,yes
foot_R,feet,3,#F0B323,22.0,40.0,23.0,7.5,3,yes
foot_L,feet,3,#F0B323,22.0,40.0,23.0,7.5,3,yes
dowel_1,dowel,1,#3A2718,6.0,6.0,30.0,0.8,0,yes
dowel_2,dowel,1,#3A2718,6.0,6.0,30.0,0.8,0,yes
dowel_3,dowel,1,#3A2718,6.0,6.0,30.0,0.8,0,yes
dowel_4,dowel,1,#3A2718,6.0,6.0,30.0,0.8,0,yes
wing_R_spar_inner,wing,1,#3A2718,226.0,40.3,6.0,29.4,13,yes
wing_R_spar_outer,wing,1,#3A2718,208.4,58.8,6.0,27.0,12,yes
wing_R_splice,wing,1,#3A2718,72.8,29.8,3.0,4.2,4,yes
wing_R_covert_inner,covert,1,#3A2718,202.5,111.1,3.0,52.9,56,yes
wing_R_covert_outer,covert,1,#3A2718,194.5,124.7,3.0,50.3,53,yes
wing_R_s01,wing,1,#3A2718,117.1,183.1,3.0,47.1,50,yes
wing_R_s02,wing,1,#3A2718,117.6,191.1,3.0,49.2,52,yes
wing_R_s03,wing,1,#3A2718,118.2,198.2,3.0,51.1,54,yes
wing_R_s04,wing,1,#3A2718,118.9,203.5,3.0,52.6,55,yes
wing_R_s05,wing,1,#3A2718,119.6,206.4,3.0,53.4,56,yes
wing_R_s06,wing,1,#3A2718,120.1,206.5,3.0,53.5,56,yes
wing_R_s07,wing,1,#3A2718,120.6,204.0,3.0,52.9,56,yes
wing_R_s08,wing,1,#3A2718,120.8,198.9,3.0,51.7,54,yes
wing_R_s09,wing,1,#3A2718,120.8,191.9,3.0,49.9,53,yes
wing_R_s10,wing,1,#3A2718,120.5,183.7,3.0,47.8,50,yes
wing_R_p01,wing,1,#3A2718,126.4,222.5,3.0,52.9,56,yes
wing_R_p02,wing,1,#3A2718,141.9,211.6,3.0,51.4,54,yes
wing_R_p03,wing,1,#3A2718,159.6,196.1,3.0,49.6,52,yes
wing_R_p04,wing,1,#3A2718,172.6,173.6,3.0,46.7,49,yes
wing_R_p05,wing,1,#3A2718,180.8,149.4,3.0,43.4,46,yes
wing_R_p06,wing,1,#3A2718,183.3,127.3,3.0,39.9,42,yes
wing_R_p07,wing,1,#3A2718,181.9,106.4,3.0,36.1,38,yes
wing_R_p08,wing,1,#3A2718,174.4,92.4,3.0,32.2,34,yes
wing_L_spar_inner,wing,1,#3A2718,226.0,40.3,6.0,29.4,13,yes
wing_L_spar_outer,wing,1,#3A2718,208.4,58.8,6.0,27.0,12,yes
wing_L_splice,wing,1,#3A2718,72.8,29.8,3.0,4.2,4,yes
wing_L_covert_inner,covert,1,#3A2718,202.5,111.1,3.0,52.9,56,yes
wing_L_covert_outer,covert,1,#3A2718,194.5,124.7,3.0,50.3,53,yes
wing_L_s01,wing,1,#3A2718,117.1,182.5,3.0,47.1,50,yes
wing_L_s02,wing,1,#3A2718,117.7,190.5,3.0,49.2,52,yes
wing_L_s03,wing,1,#3A2718,118.2,197.5,3.0,51.1,54,yes
wing_L_s04,wing,1,#3A2718,118.9,202.8,3.0,52.6,55,yes
wing_L_s05,wing,1,#3A2718,119.6,205.6,3.0,53.4,56,yes
wing_L_s06,wing,1,#3A2718,120.2,205.7,3.0,53.5,56,yes
wing_L_s07,wing,1,#3A2718,120.6,203.1,3.0,52.9,56,yes
wing_L_s08,wing,1,#3A2718,120.8,198.0,3.0,51.7,54,yes
wing_L_s09,wing,1,#3A2718,120.7,190.9,3.0,49.9,53,yes
wing_L_s10,wing,1,#3A2718,120.5,182.7,3.0,47.8,50,yes
wing_L_p01,wing,1,#3A2718,124.5,221.1,3.0,52.9,56,yes
wing_L_p02,wing,1,#3A2718,139.4,210.4,3.0,51.4,54,yes
wing_L_p03,wing,1,#3A2718,156.1,196.5,3.0,49.6,52,yes
wing_L_p04,wing,1,#3A2718,170.0,175.8,3.0,46.7,49,yes
wing_L_p05,wing,1,#3A2718,180.5,152.4,3.0,43.4,46,yes
wing_L_p06,wing,1,#3A2718,184.9,128.4,3.0,39.9,42,yes
wing_L_p07,wing,1,#3A2718,183.0,107.1,3.0,36.1,38,yes
wing_L_p08,wing,1,#3A2718,175.1,92.5,3.0,32.2,34,yes
tail_R,tail,2,#F4F1EA,201.0,191.7,3.0,70.2,74,yes
tail_L,tail,2,#F4F1EA,184.4,191.5,3.0,69.4,73,yes
stand_base,stand,4,#161616,180.0,180.0,8.0,201.7,88,yes
stand_column,stand,4,#161616,14.0,14.0,246.0,37.8,16,yes
